{
	"setnumber": 3,
	"scene": [
		{
			"id": 0,
			"dialogs": [
				{
					"char": "Merchant",
					"type": "line",
					"line": "You’ve made it far without armor, and somehow in one piece. Ahead lies a slumbering dragon in its cave, guarding riches and glory."
				},
				{
					"char": "Knight",
					"type": "line",
					"line": "And above is the tower, where knights gather in trust and unity. Without armor, you’ll reach the top with ease."
				},
				{
					"char": "Merchant",
					"type": "line",
					"line": "But that dragon won’t fall to words or trust. You’ll need armor to survive its claws and flames."
				},
				{
					"char": "Knight",
					"type": "line",
					"line": "Armor may protect you, but it also weighs you down. The tower is your chance to embrace vulnerability and connection."
				},
				{
					"char": "Merchant",
					"type": "question",
					"question": "Will you take armor for the dragon or climb the tower without it?",
					"nbanswers": 2,
					"answer0": "I’ll take the armor, slay the dragon, and claim its treasure.",
					"nextscene0": 1,
					"answer1": "I’ll climb the tower and trust in the knights above.",
					"nextscene1": 2
				}
			]
		},
		{
			"id": 1,
			"dialogs": [
				{
					"char": "Merchant",
					"type": "line",
					"line": "Smart choice. This armor will keep you safe. Now go forth and slay the dragon to claim its riches!"
				},
				{
					"char": "Merchant",
					"type": "function",
					"function": "IncreaseArmor"
				},
				{
					"char": "Merchant",
					"type": "line",
					"line": "Your story will be one of glory and triumph! You’ll be a hero to all and be accepted once again!"
				},
				{
					"char": "Knight",
					"type": "line",
					"line": "I hope the armor serves you well, though I wish you’d chosen connection over defense."
				},
				{
					"type": "end"
				}
			]
		},
		{
			"id": 2,
			"dialogs": [
				{
					"char": "Knight",
					"type": "line",
					"line": "Thank you for your continued trust! Please climb the tower and us knights will show you the strength of trust and unity!"
				},
				{
					"char": "Merchant",
					"type": "line",
					"line": "Bah! Trust won’t make you a true hero, I hope you don't plan to return to that old town."
				},
				{
					"type": "end"
				}
			]
		},
		{
			"id": 3,
			"dialogs": [
				{
					"char": "Merchant",
					"type": "line",
					"line": "With one layer of armor, you’re protected, but is it enough? Ahead lies a slumbering dragon in its cave, guarding riches and glory."
				},
				{
					"char": "Knight",
					"type": "line",
					"line": "I hope the knight's tower can also call to you. To climb, you’ll need to shed your defenses and trust in us knights as we await at the top."
				},
				{
					"char": "Merchant",
					"type": "line",
					"line": "Bah! Riches and glory are in the cave. Why risk it all for connection when treasure is so close?"
				},
				{
					"char": "Knight",
					"type": "question",
					"question": "Will you take more armor for the dragon or shed your armor to climb the tower?",
					"nbanswers": 3,
					"answer0": "I’ll take more armor. I need all the protection I can get.",
					"nextscene0": 4,
					"answer1": "I’ll shed this armor. I’m ready to climb the tower and join the knight community.",
					"nextscene1": 5,
					"answer2": "I’ll keep what I have as I take on the dragon.",
					"nextscene2": 6
				}
			]
		},
		{
			"id": 4,
			"dialogs": [
				{
					"char": "Merchant",
					"type": "line",
					"line": "Smart choice. This armor will keep you safe. Now go forth and slay the dragon to claim its riches!"
				},
				{
					"char": "Merchant",
					"type": "function",
					"function": "IncreaseArmor"
				},
				{
					"char": "Merchant",
					"type": "line",
					"line": "Your story will be one of glory and triumph! You’ll be a hero to all and be accepted once again!"
				},
				{
					"char": "Knight",
					"type": "line",
					"line": "I hope the armor serves you well, though I wish you’d chosen connection over defense."
				},
				{
					"type": "end"
				}
			]
		},
		{
			"id": 5,
			"dialogs": [
				{
					"char": "Knight",
					"type": "line",
					"line": "Thank you! You’ve made the right choice. Connection lies at the top of the tower, not behind walls of steel."
				},
				{
					"char": "Knight",
					"type": "function",
					"function": "DecreaseArmor"
				},
				{
					"char": "Merchant",
					"type": "line",
					"line": "Bah! We’ll see how well trust serves you when danger strikes."
				},
				{
					"type": "end"
				}
			]
		},
		{
			"id": 6,
			"dialogs": [
				{
					"char": "Merchant",
					"type": "line",
					"line": "I fail to understand why you decline further protection..."
				},
				{
					"char": "Merchant",
					"type": "line",
					"line": "Alas, glory awaits! I pray that your current armor will carry you to victory."
				},
				{
					"char": "Knight",
					"type": "line",
					"line": "Be careful. Glory may not be as fulfilling as you think."
				},
				{
					"type": "end"
				}
			]
		},
		{
			"id": 7,
			"dialogs": [
				{
					"char": "Merchant",
					"type": "line",
					"line": "Ahead lies a slumbering dragon in its cave, guarding riches and glory. Slay this dragon and your old town will love you!"
				},
				{
					"char": "Knight",
					"type": "line",
					"line": "As knights we still want ask to climb our tower and join our community, but you must let go of the weight holding you back."
				},
				{
					"char": "Merchant",
					"type": "line",
					"line": "With two layers of armor, the dragon doesn’t stand a chance. But the climb? You’ll never make it like this."
				},
				{
					"char": "Knight",
					"type": "question",
					"question": "What will you do? Keep your armor, shed it for the climb, or take a third layer?",
					"nbanswers": 3,
					"answer0": "I’ll keep my armor. The dragon is my goal.",
					"nextscene0": 8,
					"answer1": "I’ll shed my armor. I want to climb the tower.",
					"nextscene1": 9,
					"answer2": "I’ll take more armor. I want to be unstoppable.",
					"nextscene2": 10
				}
			]
		},
		{
			"id": 8,
			"dialogs": [
				{
					"char": "Merchant",
					"type": "line",
					"line": "I fail to understand why you decline further protection..."
				},
				{
					"char": "Merchant",
					"type": "line",
					"line": "Alas, glory awaits! I pray that your current armor will carry you to victory."
				},
				{
					"char": "Knight",
					"type": "line",
					"line": "Be careful. Glory may not be as fulfilling as you think."
				},
				{
					"type": "end"
				}
			]
		},
		{
			"id": 9,
			"dialogs": [
				{
					"char": "Knight",
					"type": "line",
					"line": "Thank you! You’ve made the right choice. Connection lies at the top of the tower, not behind walls of steel."
				},
				{
					"char": "Knight",
					"type": "function",
					"function": "DecreaseArmor"
				},
				{
					"char": "Knight",
					"type": "function",
					"function": "DecreaseArmor"
				},
				{
					"char": "Merchant",
					"type": "line",
					"line": "Bah! We’ll see how well trust serves you when danger strikes."
				},
				{
					"type": "end"
				}
			]
		},
		{
			"id": 10,
			"dialogs": [
				{
					"char": "Merchant",
					"type": "line",
					"line": "Smart choice. This armor will keep you safe. Now go forth and slay the dragon to claim its riches!"
				},
				{
					"char": "Merchant",
					"type": "function",
					"function": "IncreaseArmor"
				},
				{
					"char": "Merchant",
					"type": "line",
					"line": "Your story will be one of glory and triumph! You’ll be a hero to all and be accepted once again!"
				},
				{
					"char": "Knight",
					"type": "line",
					"line": "I hope the armor serves you well, though I wish you’d chosen connection over defense."
				},
				{
					"type": "end"
				}
			]
		}
	]
}